Show,Total,Top 6,Percentage
Southpark,70897,30625,0.431964681
Spongebob,45901,33113,0.721400405
Seinfeld,29811,22370,0.75039415
